wing_loading_pa,wing_loading_kg_per_m2,p_w_takeoff_kw_per_kg,p_w_climb_kw_per_kg,p_w_cruise_kw_per_kg,mtom_kg,p_total_climb_kw,p_total_cruise_kw,p_total_takeoff_kw
2000.0,203.94324259558567,0.16034174945464283,0.16034174945464283,0.16034174945464283,8124.451627093861,2427.7159447625827,2741.744778827514,2271.968710863835
2050.0,209.0418236604753,0.15925342928731342,0.15925342928731342,0.15925342928731342,7949.369974149011,2360.161545453586,2665.4502290397177,2208.749118149859
2100.0,214.14040472536493,0.1583731294165555,0.1583731294165555,0.1583731294165555,7812.702046419501,2305.4199440278717,2603.6261897742015,2157.520156275522
2150.0,219.2389857902546,0.15755776213286113,0.15755776213286113,0.15755776213286113,7653.938373803111,2247.423267030892,2538.125935076748,2103.2449893579364
