wing_loading_pa,wing_loading_kg_per_m2,p_w_takeoff_kw_per_kg,p_w_climb_kw_per_kg,p_w_cruise_kw_per_kg,mtom_kg,p_total_climb_kw,p_total_cruise_kw,p_total_takeoff_kw
2000.0,203.94324259558567,0.16034174945464283,0.16034174945464283,0.16034174945464283,7808.957405760498,2333.4167080193542,2635.2451594652075,2183.720433902964
2050.0,209.0418236604753,0.15925342928731342,0.15925342928731342,0.15925342928731342,7712.215406784359,2288.3876394186195,2584.3902551007595,2141.580774512211
2100.0,214.14040472536493,0.1583731294165555,0.1583731294165555,0.1583731294165555,7605.484584774532,2245.3414982837326,2535.7748282509688,2101.2968028050796
2150.0,219.2389857902546,0.15755776213286113,0.15755776213286113,0.15755776213286113,7526.405136294498,2208.975904920257,2494.7042747146734,2067.2647038632304
