wing_loading_pa,wing_loading_kg_per_m2,p_w_takeoff_kw_per_kg,p_w_climb_kw_per_kg,p_w_cruise_kw_per_kg,mtom_kg,p_total_climb_kw,p_total_cruise_kw,p_total_takeoff_kw
2000.0,203.94324259558567,0.13525305849482655,0.13525305849482655,0.13525305849482655,5047.365565933578,1265.013350713632,1418.3105598448315,1195.7153892422043
2050.0,209.0418236604753,0.13519540443092387,0.13519540443092387,0.13519540443092387,5046.664767134433,1264.230079043247,1417.4323295187542,1194.9750436061602
2100.0,214.14040472536493,0.13946200704128345,0.13946200704128345,0.13946200704128345,5216.645656203519,1348.8135390065797,1512.2701264581083,1274.9230333433445
2150.0,219.2389857902546,0.14394993189202535,0.14394993189202535,0.14394993189202535,5423.864629671148,1446.4053018794073,1621.693266564922,1367.1664253726233
2200.0,224.33756685514422,0.14848438143155254,0.14848438143155254,0.14848438143155254,5660.014879475035,1556.9682989439602,1745.660187156252,1471.6701824719555
2250.0,229.43614792003387,0.15306489054099487,0.15306489054099487,0.15306489054099487,5920.74416685781,1678.7205484356366,1882.1728708323124,1586.7499817265527
2300.0,234.5347289849235,0.15769100751004805,0.15769100751004805,0.15769100751004805,6211.63727806448,1814.2361860985636,2034.1175244602812,1714.8388872146984
2350.0,239.63331004981316,0.16236229342091793,0.16236229342091793,0.16236229342091793,6538.389160616516,1966.7061338846888,2205.0719161789793,1858.9529471753383
2400.0,244.7318911147028,0.16707832156983413,0.16707832156983413,0.16707832156983413,6909.36888065789,2138.460249162402,2397.6483597918013,2021.294334622652
