wing_loading_pa,wing_loading_kg_per_m2,p_w_takeoff_kw_per_kg,p_w_climb_kw_per_kg,p_w_cruise_kw_per_kg,mtom_kg,p_total_climb_kw,p_total_cruise_kw,p_total_takeoff_kw
2000.0,203.94324259558567,0.13417355116952953,0.13417355116952953,0.13417355116952953,5518.348408851265,1391.4726820222647,1567.9849250662494,1292.5987699573207
2050.0,209.0418236604753,0.13502108606338506,0.13502108606338506,0.13502108606338506,5515.008052863102,1399.063673814509,1576.5392178765,1299.6501655238087
2100.0,214.14040472536493,0.13946200704128345,0.13946200704128345,0.13946200704128345,5742.773196479838,1503.8914595905098,1694.6697071090489,1397.0263983134191
2150.0,219.2389857902546,0.14394993189202535,0.14394993189202535,0.14394993189202535,6005.167129236695,1622.9805544469828,1828.8712733590285,1507.650192735898
