wing_loading_pa,wing_loading_kg_per_m2,p_w_takeoff_kw_per_kg,p_w_climb_kw_per_kg,p_w_cruise_kw_per_kg,mtom_kg,p_total_climb_kw,p_total_cruise_kw,p_total_takeoff_kw
2000.0,203.94324259558567,0.13525305849482655,0.13525305849482655,0.13525305849482655,9094.079900906818,2278.469092434054,2554.6309454375864,2153.6302022952377
2050.0,209.0418236604753,0.13519540443092387,0.13519540443092387,0.13519540443092387,9027.335112271192,2260.3010820014515,2534.260366071998,2136.4578625465397
2100.0,214.14040472536493,0.13946200704128345,0.13946200704128345,0.13946200704128345,9624.93581926851,2486.4633704048465,2787.8410684012583,2350.2256644318136
2150.0,219.2389857902546,0.14394993189202535,0.14394993189202535,0.14394993189202535,10390.930128724998,2771.614931977825,3107.562511637573,2619.749920451386
2200.0,224.33756685514422,0.14848438143155254,0.14848438143155254,0.14848438143155254,11193.442952406993,3078.072092387319,3451.1725030250827,2909.412153776033
2250.0,229.43614792003387,0.15306489054099487,0.15306489054099487,0.15306489054099487,12241.169562611201,3470.7136176925815,3891.4152793669496,3280.535546565894
2300.0,234.5347289849235,0.15769100751004805,0.15769100751004805,0.15769100751004805,13537.109890795478,3954.246356331696,4433.568316148198,3737.5689954585096
2350.0,239.63331004981316,0.16236229342091793,0.16236229342091793,0.16236229342091793,15191.369792358455,4568.187340618056,5121.9394282514095,4317.863860816825
2400.0,244.7318911147028,0.16707832156983413,0.16707832156983413,0.16707832156983413,17435.758068893847,5395.98684462119,6050.095846789742,5100.297049045096
