wing_loading_pa,wing_loading_kg_per_m2,p_w_takeoff_kw_per_kg,p_w_climb_kw_per_kg,p_w_cruise_kw_per_kg,mtom_kg,p_total_climb_kw,p_total_cruise_kw,p_total_takeoff_kw
2000.0,203.94324259558567,0.17934380219782023,0.17934380219782023,0.17934380219782023,13296.125370200147,4386.815634137593,4927.097081959077,4174.929327136885
2050.0,209.0418236604753,0.1758666834564285,0.1758666834564285,0.1758666834564285,12286.320807130973,3975.15363576114,4464.728515991854,3783.153311132789
2100.0,214.14040472536493,0.17257676550977719,0.17257676550977719,0.17257676550977719,11480.293019822433,3644.3894338479104,4093.2223524035935,3468.3671958891928
2150.0,219.2389857902546,0.16946098783730307,0.16946098783730307,0.16946098783730307,10832.8605095608,3378.2035106104686,3794.2489128017983,3215.039803675129
2200.0,224.33756685514422,0.16650747723849402,0.16650747723849402,0.16650747723849402,10262.654204927127,3143.7974219790926,3530.969796726181,2991.9570710126814
2250.0,229.43614792003387,0.16370541590843904,0.16370541590843904,0.16370541590843904,9828.683524427966,2960.1367920796138,3324.6867237047004,2817.168457629376
2300.0,234.5347289849235,0.16104504411694753,0.16104504411694753,0.16104504411694753,9384.248890790537,2780.226770797014,3122.6162414361424,2645.9492737958158
2350.0,239.63331004981316,0.16236229342091793,0.16236229342091793,0.16236229342091793,9516.43532397051,2843.0653455951942,3193.1949730932943,2705.7523320885393
2400.0,244.7318911147028,0.16707832156983413,0.16707832156983413,0.16707832156983413,10145.442243235597,3119.3125887805045,3503.469038194603,2968.6550163151387
