wing_loading_pa,wing_loading_kg_per_m2,p_w_takeoff_kw_per_kg,p_w_climb_kw_per_kg,p_w_cruise_kw_per_kg,mtom_kg,p_total_climb_kw,p_total_cruise_kw,p_total_takeoff_kw
2000.0,203.94324259558567,0.16034174945464283,0.16034174945464283,0.16034174945464283,5918.161635249851,1769.7863827512297,1998.6924083723068,1656.2569382731456
2050.0,209.0418236604753,0.15925342928731342,0.15925342928731342,0.15925342928731342,5838.541456633962,1734.2879217990187,1958.6011813489586,1623.0363298993418
2100.0,214.14040472536493,0.1583731294165555,0.1583731294165555,0.1583731294165555,5761.888557815439,1700.9906804138388,1920.9959661419787,1591.8756940206713
2150.0,219.2389857902546,0.15755776213286113,0.15755776213286113,0.15755776213286113,5697.437342873055,1672.986372191585,1889.3684800917626,1565.6683562579663
