wing_loading_pa,wing_loading_kg_per_m2,p_w_takeoff_kw_per_kg,p_w_climb_kw_per_kg,p_w_cruise_kw_per_kg,mtom_kg,p_total_climb_kw,p_total_cruise_kw,p_total_takeoff_kw
2000.0,203.94324259558567,0.13525305849482655,0.13525305849482655,0.13525305849482655,6746.46702963688,1690.5241507651006,1895.4074635217085,1597.9067052550872
2050.0,209.0418236604753,0.13519540443092387,0.13519540443092387,0.13519540443092387,6699.943457667772,1677.4232392017243,1880.7182844421764,1585.5237695881071
2100.0,214.14040472536493,0.13946200704128345,0.13946200704128345,0.13946200704128345,7126.97723337704,1841.2482421670613,2064.4043428222776,1740.3705878838446
2150.0,219.2389857902546,0.14394993189202535,0.14394993189202535,0.14394993189202535,7656.784660485857,2042.9367568749885,2290.544233661009,1931.005864697625
2200.0,224.33756685514422,0.14848438143155254,0.14848438143155254,0.14848438143155254,8236.019933341673,2263.8843372512824,2538.2780313922945,2139.8447428427985
2250.0,229.43614792003387,0.15306489054099487,0.15306489054099487,0.15306489054099487,8993.91986216035,2550.8376999300826,2860.0197141349277,2411.0720549489756
2300.0,234.5347289849235,0.15769100751004805,0.15769100751004805,0.15769100751004805,9902.118562548996,2893.543471432863,3244.27285750143,2734.996348361133
2350.0,239.63331004981316,0.16236229342091793,0.16236229342091793,0.16236229342091793,11055.107506866094,3324.7414273497006,3727.7463900529856,3142.5631441540513
2400.0,244.7318911147028,0.16707832156983413,0.16707832156983413,0.16707832156983413,12541.527989164719,3882.430152944491,4353.045593186243,3669.6885718644317
