wing_loading_pa,wing_loading_kg_per_m2,p_w_takeoff_kw_per_kg,p_w_climb_kw_per_kg,p_w_cruise_kw_per_kg,mtom_kg,p_total_climb_kw,p_total_cruise_kw,p_total_takeoff_kw
2000.0,203.94324259558567,0.17934380219782023,0.17934380219782023,0.17934380219782023,9705.285506655564,3200.790875242297,3594.983432570045,3046.1973655889
2050.0,209.0418236604753,0.1758666834564285,0.1758666834564285,0.1758666834564285,9033.853500674611,2922.5763810498534,3282.499799836424,2781.422461519094
2100.0,214.14040472536493,0.17257676550977719,0.17257676550977719,0.17257676550977719,8481.6954637901,2693.7280880598623,3025.4630622431077,2563.629046410207
2150.0,219.2389857902546,0.16946098783730307,0.16946098783730307,0.16946098783730307,8010.317814298294,2497.4941622353385,2805.057974488005,2376.8745100002893
2200.0,224.33756685514422,0.16650747723849402,0.16650747723849402,0.16650747723849402,7615.388406345774,2332.7910301953375,2620.067493773277,2220.127622630276
2250.0,229.43614792003387,0.16370541590843904,0.16370541590843904,0.16370541590843904,7299.118004493109,2197.9281541970404,2468.5928499551105,2091.7795106504327
2300.0,234.5347289849235,0.16104504411694753,0.16104504411694753,0.16104504411694753,6992.678831371729,2071.88692934005,2327.026466320676,1971.8269060342743
2350.0,239.63331004981316,0.16236229342091793,0.16236229342091793,0.16236229342091793,7086.962194400559,2117.1750102430206,2377.8929176936426,2014.92727473144
2400.0,244.7318911147028,0.16707832156983413,0.16707832156983413,0.16707832156983413,7542.427865696006,2316.9402848931218,2602.264329031811,2205.0425725899786
