wing_loading_pa,wing_loading_kg_per_m2,p_w_takeoff_kw_per_kg,p_w_climb_kw_per_kg,p_w_cruise_kw_per_kg,mtom_kg,p_total_climb_kw,p_total_cruise_kw,p_total_takeoff_kw
2000.0,203.94324259558567,0.17934380219782023,0.17934380219782023,0.17934380219782023,8590.449397460656,2834.9983217990425,3184.1342916629937,2698.0749986054134
2050.0,209.0418236604753,0.1758666834564285,0.1758666834564285,0.1758666834564285,8242.291726610521,2666.885014310303,2995.3135863024445,2538.082669692458
2100.0,214.14040472536493,0.17257676550977719,0.17257676550977719,0.17257676550977719,7951.221790220877,2525.885090736438,2836.9459625687673,2403.893969903523
2150.0,219.2389857902546,0.16946098783730307,0.16946098783730307,0.16946098783730307,7673.518545897126,2391.6815658996134,2686.211885653062,2276.17335808694
2200.0,224.33756685514422,0.16650747723849402,0.16650747723849402,0.16650747723849402,7448.670155726456,2282.5780273926002,2563.669492037934,2172.3402381564993
2250.0,229.43614792003387,0.16370541590843904,0.16370541590843904,0.16370541590843904,7248.634622927634,2181.7589787569805,2450.432032365491,2076.3914127425346
2300.0,234.5347289849235,0.16104504411694753,0.16104504411694753,0.16104504411694753,7041.265492702431,2085.2361552324487,2342.019986385641,1984.5312765068686
2350.0,239.63331004981316,0.16236229342091793,0.16236229342091793,0.16236229342091793,7106.741097052215,2123.1892173034335,2384.6479261834224,2020.6509560302843
2400.0,244.7318911147028,0.16707832156983413,0.16707832156983413,0.16707832156983413,7393.349632242916,2272.490744538422,2552.3397056447607,2162.740237416809
