wing_loading_pa,wing_loading_kg_per_m2,p_w_takeoff_kw_per_kg,p_w_climb_kw_per_kg,p_w_cruise_kw_per_kg,mtom_kg,p_total_climb_kw,p_total_cruise_kw,p_total_takeoff_kw
2000.0,203.94324259558567,0.13417355116952953,0.13417355116952953,0.13417355116952953,10051.44278637985,2531.34300827885,2852.5057724972676,2351.442829458025
2050.0,209.0418236604753,0.13502108606338506,0.13502108606338506,0.13502108606338506,10153.52804297448,2574.5170908208092,2901.158675779272,2391.5479359520914
2100.0,214.14040472536493,0.13946200704128345,0.13946200704128345,0.13946200704128345,10946.440650134864,2866.1556221412375,3229.8063371128683,2662.4557044034955
2150.0,219.2389857902546,0.14394993189202535,0.14394993189202535,0.14394993189202535,11917.153176201442,3221.2464832322667,3629.9584724638735,2992.305372553021
