wing_loading_pa,wing_loading_kg_per_m2,p_w_takeoff_kw_per_kg,p_w_climb_kw_per_kg,p_w_cruise_kw_per_kg,mtom_kg
2200.0,224.33756685514422,0.10887363906245565,0.13347379511886032,0.1128366086369876,6075.435935530963
