wing_loading_pa,wing_loading_kg_per_m2,p_w_takeoff_kw_per_kg,p_w_climb_kw_per_kg,p_w_cruise_kw_per_kg,mtom_kg,p_total_climb_kw,p_total_cruise_kw,p_total_takeoff_kw
2000.0,203.94324259558567,0.13417355116952953,0.13417355116952953,0.13417355116952953,7264.121035681583,1830.9037395853977,2063.1800246253756,1700.7934164386247
2050.0,209.0418236604753,0.13502108606338506,0.13502108606338506,0.13502108606338506,7314.323381868215,1854.9150080698646,2090.238336237768,1723.0978737178568
2100.0,214.14040472536493,0.13946200704128345,0.13946200704128345,0.13946200704128345,7612.200840124028,1994.1936003122767,2247.1914581550263,1852.476020174055
2150.0,219.2389857902546,0.14394993189202535,0.14394993189202535,0.14394993189202535,7957.313081921977,2150.8323153112997,2423.708011138316,1997.9802666169132
